{
	"totalPages": 18,
	"page": 16,
	"trips": [{
		"id": 1771,
		"petId": 311,
		"name": "311-1520510229",
		"status": 2,
		"timeStart": 1520510229,
		"timeStop": 1520511245,
		"totalTime": 1016,
		"totalDistance": 4198.6142145270487,
		"averageSpeed": 5,
		"maxSpeed": 5,
		"steps": 75,
		"rawData": [
			[1520510229, null, null, 0],
			[1520510238, 51.87697, -8.4792699999999996],
			[1520510244, 51.877099999999999, -8.4788099999999993],
			[1520510250, 51.877870000000001, -8.4767100000000006],
			[1520510255, 51.878059999999998, -8.4762400000000007],
			[1520510261, 51.878210000000003, -8.47593],
			[1520510267, 51.878630000000001, -8.4751899999999996],
			[1520510272, 51.87921, -8.4741800000000005],
			[1520510278, 51.879930000000002, -8.4731699999999996],
			[1520510284, 51.87997, -8.4726800000000004],
			[1520510290, 51.87997, -8.47119],
			[1520510295, 51.879980000000003, -8.4699200000000001],
			[1520510301, 51.879950000000001, -8.4688400000000001],
			[1520510307, 51.87914, -8.4690100000000008],
			[1520510312, 51.878549999999997, -8.4691700000000001],
			[1520510318, 51.878300000000003, -8.4692600000000002],
			[1520510324, 51.878410000000002, -8.4685900000000007],
			[1520510330, 51.87865, -8.4677100000000003],
			[1520510335, 51.878680000000003, -8.4674200000000006],
			[1520510341, 51.878700000000002, -8.4670299999999994],
			[1520510347, 51.878779999999999, -8.4660600000000006],
			[1520510352, 51.878900000000002, -8.4657300000000006],
			[1520510358, 51.879010000000001, -8.4655100000000001],
			[1520510364, 51.87912, -8.4654000000000007],
			[1520510370, 51.879240000000003, -8.4652700000000003],
			[1520510375, 51.879829999999998, -8.4651499999999995],
			[1520510383, 51.880960000000002, -8.4649300000000007],
			[1520510389, 51.883589999999998, -8.4643700000000006],
			[1520510394, 51.885489999999997, -8.4639600000000002],
			[1520510400, 51.886839999999999, -8.4635800000000003],
			[1520510406, 51.887790000000003, -8.4633800000000008],
			[1520510411, 51.889139999999998, -8.4632000000000005],
			[1520510417, 51.889980000000001, -8.4630600000000005],
			[1520510423, 51.891199999999998, -8.4628300000000003],
			[1520510429, 51.892240000000001, -8.4625400000000006],
			[1520510434, 51.892740000000003, -8.4624600000000001],
			[1520510440, 51.893030000000003, -8.4624299999999995],
			[1520510446, 51.893300000000004, -8.4624400000000009],
			[1520510451, 51.893560000000001, -8.4624900000000007],
			[1520510457, 51.893880000000003, -8.4625800000000009],
			[1520510463, 51.894240000000003, -8.4627199999999991],
			[1520510469, 51.895189999999999, -8.4630700000000001],
			[1520510474, 51.895490000000002, -8.4632699999999996],
			[1520510480, 51.895690000000002, -8.4634400000000003],
			[1520510486, 51.895760000000003, -8.4634999999999998],
			[1520510491, 51.895740000000004, -8.4636600000000008],
			[1520510497, 51.89564, -8.4640500000000003],
			[1520510503, 51.895470000000003, -8.4647000000000006],
			[1520510508, 51.89537, -8.4653299999999998],
			[1520510514, 51.895269999999996, -8.46523],
			[1520510520, 51.895040000000002, -8.4650599999999994],
			[1520510526, 51.894930000000002, -8.4650200000000009],
			[1520510531, 51.894770000000001, -8.4649900000000002],
			[1520510537, 51.894399999999997, -8.4651099999999992],
			[1520510543, 51.89423, -8.46523],
			[1520510548, 51.894069999999999, -8.4653600000000004],
			[1520510554, 51.893700000000003, -8.4656199999999995],
			[1520510560, 51.893320000000003, -8.4657900000000001],
			[1520510566, 51.893009999999997, -8.4659099999999992],
			[1520510571, 51.892859999999999, -8.4659499999999994],
			[1520510577, 51.892560000000003, -8.4658599999999993],
			[1520510583, 51.892299999999999, -8.4657199999999992],
			[1520510588, 51.892139999999998, -8.4656000000000002],
			[1520510594, 51.891849999999998, -8.4652799999999999],
			[1520510600, 51.891019999999997, -8.4640299999999993],
			[1520510606, 51.890470000000001, -8.4631699999999999],
			[1520510611, 51.890369999999997, -8.4629499999999993],
			[1520510617, 51.890279999999997, -8.46265],
			[1520510623, 51.889940000000003, -8.4614899999999995],
			[1520510629, 51.889690000000002, -8.4609500000000004],
			[1520510634, 51.889490000000002, -8.4605200000000007],
			[1520510640, 51.889449999999997, -8.4605599999999992],
			[1520510646, 51.889400000000002, -8.4605800000000002],
			[1520510651, 51.88935, -8.4605599999999992],
			[1520510657, 51.889279999999999, -8.4604999999999997],
			[1520510663, 51.889220000000002, -8.4604700000000008],
			[1520511245, null, null, 2]
		]
	}, {
		"id": 1794,
		"petId": 312,
		"name": "312-1520594958",
		"status": 2,
		"timeStart": 1520594958,
		"timeStop": 1520596008,
		"totalTime": 1050,
		"totalDistance": 2406.3065746642683,
		"averageSpeed": 5,
		"maxSpeed": 5,
		"steps": 51,
		"rawData": [
			[1520594958, null, null, 0],
			[1520594962, 51.877000000000002, -8.4791699999999999],
			[1520594968, 51.877099999999999, -8.4788099999999993],
			[1520594974, 51.877870000000001, -8.4767100000000006],
			[1520594982, 51.87912, -8.4780200000000008],
			[1520594988, 51.879429999999999, -8.4782399999999996],
			[1520594993, 51.879829999999998, -8.4772599999999994],
			[1520594999, 51.880180000000003, -8.4765700000000006],
			[1520595005, 51.880699999999997, -8.4757800000000003],
			[1520595011, 51.880960000000002, -8.4754699999999996],
			[1520595016, 51.881300000000003, -8.4751999999999992],
			[1520595022, 51.881529999999998, -8.4750599999999991],
			[1520595028, 51.881720000000001, -8.4749599999999994],
			[1520595033, 51.88214, -8.4747900000000005],
			[1520595039, 51.882640000000002, -8.4746000000000006],
			[1520595045, 51.884070000000001, -8.4741300000000006],
			[1520595051, 51.884070000000001, -8.4741400000000002],
			[1520595056, 51.884070000000001, -8.4741499999999998],
			[1520595062, 51.884079999999997, -8.4741800000000005],
			[1520595068, 51.88409, -8.4741999999999997],
			[1520595074, 51.884120000000003, -8.4742300000000004],
			[1520595079, 51.884160000000001, -8.47424],
			[1520595085, 51.884189999999997, -8.4742099999999994],
			[1520595091, 51.884210000000003, -8.4741099999999996],
			[1520595096, 51.884210000000003, -8.4740900000000003],
			[1520595102, 51.886020000000002, -8.4734800000000003],
			[1520595108, 51.887129999999999, -8.4730799999999995],
			[1520595113, 51.889240000000001, -8.4724599999999999],
			[1520595119, 51.889180000000003, -8.4719599999999993],
			[1520595125, 51.889040000000001, -8.4713600000000007],
			[1520595131, 51.889020000000002, -8.47119],
			[1520595136, 51.889049999999997, -8.47105],
			[1520595142, 51.889110000000002, -8.4708900000000007],
			[1520595148, 51.889339999999997, -8.4704499999999996],
			[1520595153, 51.889470000000003, -8.4702800000000007],
			[1520595159, 51.889760000000003, -8.4695900000000002],
			[1520595165, 51.890169999999998, -8.4693199999999997],
			[1520595171, 51.890999999999998, -8.46889],
			[1520595176, 51.89132, -8.4687000000000001],
			[1520595182, 51.891390000000001, -8.4686599999999999],
			[1520595188, 51.891649999999998, -8.4684600000000003],
			[1520595193, 51.891800000000003, -8.4683299999999999],
			[1520595199, 51.892429999999997, -8.4675100000000008],
			[1520595205, 51.892629999999997, -8.4672400000000003],
			[1520595211, 51.892699999999998, -8.4671000000000003],
			[1520595216, 51.892789999999998, -8.46678],
			[1520595222, 51.892809999999997, -8.4665900000000001],
			[1520595228, 51.892829999999996, -8.4662900000000008],
			[1520595233, 51.892859999999999, -8.4659499999999994],
			[1520595239, 51.892890000000001, -8.4651499999999995],
			[1520595245, 51.892940000000003, -8.4648699999999995],
			[1520595251, 51.892949999999999, -8.4643999999999995],
			[1520596008, null, null, 2]
		]
	}]
}